CO1,HL1,HO1,HC1,OL1,CL1,V1,CO2,HL2,HO2,HC2,OL2,CL2,V2,CO3,HL3,HO3,HC3,OL3,CL3,V3,CO4,HL4,HO4,HC4,OL4,CL4,V4,Final
10.87439106,39.57117647,11.35614857,0.43450747,25.33764706,38.96735294,10015.64027,-6.639388131,75.33510827,5.315689707,12.80526937,66.48526802,55.43166489,27634.18912,47.6079653,58.10243309,48.40755603,0.541698901,6.532603406,57.25060827,41626.38846,52.2351849,112.2067376,74.8418691,14.84984185,21.37066409,84.76885489,108487.9781,TRUE
-6.639388131,75.33510827,5.315689707,12.80526937,66.48526802,55.43166489,27634.18912,47.6079653,58.10243309,48.40755603,0.541698901,6.532603406,57.25060827,41626.38846,52.2351849,112.2067376,74.8418691,14.84984185,21.37066409,84.76885489,108487.9781,39.43641354,111.0733475,101.2674596,44.34354304,4.87206823,46.22985075,408476.6584,FALSE
47.6079653,58.10243309,48.40755603,0.541698901,6.532603406,57.25060827,41626.38846,52.2351849,112.2067376,74.8418691,14.84984185,21.37066409,84.76885489,108487.9781,39.43641354,111.0733475,101.2674596,44.34354304,4.87206823,46.22985075,408476.6584,-25.01193892,90.10780299,25.2309588,67.0011959,51.8057554,13.83619258,816675.5645,TRUE
52.2351849,112.2067376,74.8418691,14.84984185,21.37066409,84.76885489,108487.9781,39.43641354,111.0733475,101.2674596,44.34354304,4.87206823,46.22985075,408476.6584,-25.01193892,90.10780299,25.2309588,67.0011959,51.8057554,13.83619258,816675.5645,0.405051968,96.43317261,14.59305209,14.13076318,71.41804764,72.11237981,1243940.855,FALSE
39.43641354,111.0733475,101.2674596,44.34354304,4.87206823,46.22985075,408476.6584,-25.01193892,90.10780299,25.2309588,67.0011959,51.8057554,13.83619258,816675.5645,0.405051968,96.43317261,14.59305209,14.13076318,71.41804764,72.11237981,1243940.855,-32.94449545,77.42155422,13.407014,69.12409318,56.4467205,4.906137786,1235326.314,TRUE
-25.01193892,90.10780299,25.2309588,67.0011959,51.8057554,13.83619258,816675.5645,0.405051968,96.43317261,14.59305209,14.13076318,71.41804764,72.11237981,1243940.855,-32.94449545,77.42155422,13.407014,69.12409318,56.4467205,4.906137786,1235326.314,33.574256,51.78569207,40.99711066,5.557099765,7.65163297,43.79486781,1110964.016,FALSE
0.405051968,96.43317261,14.59305209,14.13076318,71.41804764,72.11237981,1243940.855,-32.94449545,77.42155422,13.407014,69.12409318,56.4467205,4.906137786,1235326.314,33.574256,51.78569207,40.99711066,5.557099765,7.65163297,43.79486781,1110964.016,-19.04605338,42.47222005,8.371070332,33.86755662,31.46702308,6.427743692,914476.3779,FALSE
-32.94449545,77.42155422,13.407014,69.12409318,56.4467205,4.906137786,1235326.314,33.574256,51.78569207,40.99711066,5.557099765,7.65163297,43.79486781,1110964.016,-19.04605338,42.47222005,8.371070332,33.86755662,31.46702308,6.427743692,914476.3779,-14.62843737,35.42069565,4.030455537,21.8560986,30.17408696,11.13165217,942249.7659,TRUE
33.574256,51.78569207,40.99711066,5.557099765,7.65163297,43.79486781,1110964.016,-19.04605338,42.47222005,8.371070332,33.86755662,31.46702308,6.427743692,914476.3779,-14.62843737,35.42069565,4.030455537,21.8560986,30.17408696,11.13165217,942249.7659,20.96437535,39.89736409,32.86909255,9.841506779,5.289621087,27.36293245,1102510.437,FALSE
-19.04605338,42.47222005,8.371070332,33.86755662,31.46702308,6.427743692,914476.3779,-14.62843737,35.42069565,4.030455537,21.8560986,30.17408696,11.13165217,942249.7659,20.96437535,39.89736409,32.86909255,9.841506779,5.289621087,27.36293245,1102510.437,-9.365187502,31.80272109,0.185245751,10.53726817,31.55901361,19.23826531,1408159.817,FALSE
-14.62843737,35.42069565,4.030455537,21.8560986,30.17408696,11.13165217,942249.7659,20.96437535,39.89736409,32.86909255,9.841506779,5.289621087,27.36293245,1102510.437,-9.365187502,31.80272109,0.185245751,10.53726817,31.55901361,19.23826531,1408159.817,-5.486071591,21.25675012,5.687891248,11.82255677,14.73097693,8.436753396,1100653.423,FALSE
20.96437535,39.89736409,32.86909255,9.841506779,5.289621087,27.36293245,1102510.437,-9.365187502,31.80272109,0.185245751,10.53726817,31.55901361,19.23826531,1408159.817,-5.486071591,21.25675012,5.687891248,11.82255677,14.73097693,8.436753396,1100653.423,-3.842711991,23.7711523,15.89706288,20.52863104,6.794037067,2.690249799,629922.0862,FALSE
-9.365187502,31.80272109,0.185245751,10.53726817,31.55901361,19.23826531,1408159.817,-5.486071591,21.25675012,5.687891248,11.82255677,14.73097693,8.436753396,1100653.423,-3.842711991,23.7711523,15.89706288,20.52863104,6.794037067,2.690249799,629922.0862,-36.55220488,81.10500293,3.856334543,63.68785446,74.38031462,10.64046476,1210365.45,FALSE
-5.486071591,21.25675012,5.687891248,11.82255677,14.73097693,8.436753396,1100653.423,-3.842711991,23.7711523,15.89706288,20.52863104,6.794037067,2.690249799,629922.0862,-36.55220488,81.10500293,3.856334543,63.68785446,74.38031462,10.64046476,1210365.45,-8.372862986,36.64875517,6.723628958,16.47600529,28.03983195,17.31923226,1591229.147,FALSE
-3.842711991,23.7711523,15.89706288,20.52863104,6.794037067,2.690249799,629922.0862,-36.55220488,81.10500293,3.856334543,63.68785446,74.38031462,10.64046476,1210365.45,-8.372862986,36.64875517,6.723628958,16.47600529,28.03983195,17.31923226,1591229.147,-7.217330455,21.48946841,9.958040976,18.51140037,10.48711611,2.51289583,908244.1405,TRUE
-36.55220488,81.10500293,3.856334543,63.68785446,74.38031462,10.64046476,1210365.45,-8.372862986,36.64875517,6.723628958,16.47600529,28.03983195,17.31923226,1591229.147,-7.217330455,21.48946841,9.958040976,18.51140037,10.48711611,2.51289583,908244.1405,11.05355115,24.45524888,22.24454733,10.07711691,1.808425484,13.06187187,861783.9867,TRUE
-8.372862986,36.64875517,6.723628958,16.47600529,28.03983195,17.31923226,1591229.147,-7.217330455,21.48946841,9.958040976,18.51140037,10.48711611,2.51289583,908244.1405,11.05355115,24.45524888,22.24454733,10.07711691,1.808425484,13.06187187,861783.9867,7.594920116,12.78533464,8.540057573,0.878422008,3.911253742,11.80323046,787190.4893,TRUE
-7.217330455,21.48946841,9.958040976,18.51140037,10.48711611,2.51289583,908244.1405,11.05355115,24.45524888,22.24454733,10.07711691,1.808425484,13.06187187,861783.9867,7.594920116,12.78533464,8.540057573,0.878422008,3.911253742,11.80323046,787190.4893,29.69866713,37.69363167,36.50412925,5.247133425,0.871403983,30.82886649,1126961.315,TRUE
11.05355115,24.45524888,22.24454733,10.07711691,1.808425484,13.06187187,861783.9867,7.594920116,12.78533464,8.540057573,0.878422008,3.911253742,11.80323046,787190.4893,29.69866713,37.69363167,36.50412925,5.247133425,0.871403983,30.82886649,1126961.315,60.74965144,70.69071893,70.50661977,6.069666861,0.10797186,60.92321583,1498409.89,TRUE
7.594920116,12.78533464,8.540057573,0.878422008,3.911253742,11.80323046,787190.4893,29.69866713,37.69363167,36.50412925,5.247133425,0.871403983,30.82886649,1126961.315,60.74965144,70.69071893,70.50661977,6.069666861,0.10797186,60.92321583,1498409.89,26.87434249,87.65329945,63.29631794,28.7071245,14.91581795,45.79868844,1689489.647,FALSE
29.69866713,37.69363167,36.50412925,5.247133425,0.871403983,30.82886649,1126961.315,60.74965144,70.69071893,70.50661977,6.069666861,0.10797186,60.92321583,1498409.89,26.87434249,87.65329945,63.29631794,28.7071245,14.91581795,45.79868844,1689489.647,-7.126984273,45.11125828,21.12547332,30.42052352,19.80242826,11.26412804,1886176.066,FALSE
60.74965144,70.69071893,70.50661977,6.069666861,0.10797186,60.92321583,1498409.89,26.87434249,87.65329945,63.29631794,28.7071245,14.91581795,45.79868844,1689489.647,-7.126984273,45.11125828,21.12547332,30.42052352,19.80242826,11.26412804,1886176.066,-4.891211077,32.30364807,22.32194141,28.61265798,8.160193133,2.869849785,1201961.576,FALSE
26.87434249,87.65329945,63.29631794,28.7071245,14.91581795,45.79868844,1689489.647,-7.126984273,45.11125828,21.12547332,30.42052352,19.80242826,11.26412804,1886176.066,-4.891211077,32.30364807,22.32194141,28.61265798,8.160193133,2.869849785,1201961.576,-13.55131123,41.45097276,13.7362156,31.56499794,24.36757458,7.514137484,1116856.476,TRUE
-7.126984273,45.11125828,21.12547332,30.42052352,19.80242826,11.26412804,1886176.066,-4.891211077,32.30364807,22.32194141,28.61265798,8.160193133,2.869849785,1201961.576,-13.55131123,41.45097276,13.7362156,31.56499794,24.36757458,7.514137484,1116856.476,10.26396959,42.05479452,25.09092313,13.44678011,13.56123288,25.21712329,1446755.855,FALSE
-4.891211077,32.30364807,22.32194141,28.61265798,8.160193133,2.869849785,1201961.576,-13.55131123,41.45097276,13.7362156,31.56499794,24.36757458,7.514137484,1116856.476,10.26396959,42.05479452,25.09092313,13.44678011,13.56123288,25.21712329,1446755.855,-17.49255541,46.02732157,4.078609671,26.14450754,40.304835,15.761934,1499118.775,FALSE
-13.55131123,41.45097276,13.7362156,31.56499794,24.36757458,7.514137484,1116856.476,10.26396959,42.05479452,25.09092313,13.44678011,13.56123288,25.21712329,1446755.855,-17.49255541,46.02732157,4.078609671,26.14450754,40.304835,15.761934,1499118.775,-4.580519134,20.43512044,2.776558457,7.710246927,17.18150738,11.81398601,1307026.468,TRUE
10.26396959,42.05479452,25.09092313,13.44678011,13.56123288,25.21712329,1446755.855,-17.49255541,46.02732157,4.078609671,26.14450754,40.304835,15.761934,1499118.775,-4.580519134,20.43512044,2.776558457,7.710246927,17.18150738,11.81398601,1307026.468,29.98718597,39.39665611,33.1157821,2.406849648,4.718354136,36.12044174,1691323.138,FALSE
-17.49255541,46.02732157,4.078609671,26.14450754,40.304835,15.761934,1499118.775,-4.580519134,20.43512044,2.776558457,7.710246927,17.18150738,11.81398601,1307026.468,29.98718597,39.39665611,33.1157821,2.406849648,4.718354136,36.12044174,1691323.138,-8.85506501,24.3339254,12.27893081,23.18724109,10.7366489,0.930846655,1609726.155,FALSE
-4.580519134,20.43512044,2.776558457,7.710246927,17.18150738,11.81398601,1307026.468,29.98718597,39.39665611,33.1157821,2.406849648,4.718354136,36.12044174,1691323.138,-8.85506501,24.3339254,12.27893081,23.18724109,10.7366489,0.930846655,1609726.155,-24.79196021,142.9318929,7.79470201,43.32869507,125.3653365,69.49285191,3789768.913,TRUE
29.98718597,39.39665611,33.1157821,2.406849648,4.718354136,36.12044174,1691323.138,-8.85506501,24.3339254,12.27893081,23.18724109,10.7366489,0.930846655,1609726.155,-24.79196021,142.9318929,7.79470201,43.32869507,125.3653365,69.49285191,3789768.913,34.43249835,53.81838699,47.53264901,9.744779582,4.260574201,40.1600947,2528373.691,TRUE
-8.85506501,24.3339254,12.27893081,23.18724109,10.7366489,0.930846655,1609726.155,-24.79196021,142.9318929,7.79470201,43.32869507,125.3653365,69.49285191,3789768.913,34.43249835,53.81838699,47.53264901,9.744779582,4.260574201,40.1600947,2528373.691,9.608700696,24.02365406,16.78654292,6.548606253,6.196870765,16.40101023,2685340.079,FALSE
-24.79196021,142.9318929,7.79470201,43.32869507,125.3653365,69.49285191,3789768.913,34.43249835,53.81838699,47.53264901,9.744779582,4.260574201,40.1600947,2528373.691,9.608700696,24.02365406,16.78654292,6.548606253,6.196870765,16.40101023,2685340.079,-3.278060428,17.51386845,9.861382031,13.58475907,6.965583607,3.459187139,1504745.518,TRUE
34.43249835,53.81838699,47.53264901,9.744779582,4.260574201,40.1600947,2528373.691,9.608700696,24.02365406,16.78654292,6.548606253,6.196870765,16.40101023,2685340.079,-3.278060428,17.51386845,9.861382031,13.58475907,6.965583607,3.459187139,1504745.518,24.046408,28.68504885,25.23418486,0.957526205,2.755528768,27.46454246,1507827.215,TRUE
9.608700696,24.02365406,16.78654292,6.548606253,6.196870765,16.40101023,2685340.079,-3.278060428,17.51386845,9.861382031,13.58475907,6.965583607,3.459187139,1504745.518,24.046408,28.68504885,25.23418486,0.957526205,2.755528768,27.46454246,1507827.215,2.770509534,18.5340115,9.991125195,7.025960749,7.766886914,10.75257879,1891193.007,FALSE
-3.278060428,17.51386845,9.861382031,13.58475907,6.965583607,3.459187139,1504745.518,24.046408,28.68504885,25.23418486,0.957526205,2.755528768,27.46454246,1507827.215,2.770509534,18.5340115,9.991125195,7.025960749,7.766886914,10.75257879,1891193.007,-7.493190701,22.65496183,3.445123443,11.82433404,18.57007634,9.685394402,1730389.16,TRUE
24.046408,28.68504885,25.23418486,0.957526205,2.755528768,27.46454246,1507827.215,2.770509534,18.5340115,9.991125195,7.025960749,7.766886914,10.75257879,1891193.007,-7.493190701,22.65496183,3.445123443,11.82433404,18.57007634,9.685394402,1730389.16,27.97183525,35.91671486,30.83916155,2.24059169,3.880759591,32.93811452,1592619.954,TRUE
2.770509534,18.5340115,9.991125195,7.025960749,7.766886914,10.75257879,1891193.007,-7.493190701,22.65496183,3.445123443,11.82433404,18.57007634,9.685394402,1730389.16,27.97183525,35.91671486,30.83916155,2.24059169,3.880759591,32.93811452,1592619.954,42.81683707,50.53493545,44.02987456,0.849365882,4.516466402,49.26711153,2707064.911,TRUE
-7.493190701,22.65496183,3.445123443,11.82433404,18.57007634,9.685394402,1730389.16,27.97183525,35.91671486,30.83916155,2.24059169,3.880759591,32.93811452,1592619.954,42.81683707,50.53493545,44.02987456,0.849365882,4.516466402,49.26711153,2707064.911,46.85124343,66.73941361,48.76215166,1.301254372,12.08456704,64.5975804,2495281.856,TRUE
27.97183525,35.91671486,30.83916155,2.24059169,3.880759591,32.93811452,1592619.954,42.81683707,50.53493545,44.02987456,0.849365882,4.516466402,49.26711153,2707064.911,46.85124343,66.73941361,48.76215166,1.301254372,12.08456704,64.5975804,2495281.856,14.4150302,49.12904373,45.03712017,26.76404482,2.821293992,17.64301458,3435639.258,TRUE
42.81683707,50.53493545,44.02987456,0.849365882,4.516466402,49.26711153,2707064.911,46.85124343,66.73941361,48.76215166,1.301254372,12.08456704,64.5975804,2495281.856,14.4150302,49.12904373,45.03712017,26.76404482,2.821293992,17.64301458,3435639.258,36.3904781,80.68030379,76.32989726,29.28314331,2.467197339,39.75550034,2518242.149,TRUE
46.85124343,66.73941361,48.76215166,1.301254372,12.08456704,64.5975804,2495281.856,14.4150302,49.12904373,45.03712017,26.76404482,2.821293992,17.64301458,3435639.258,36.3904781,80.68030379,76.32989726,29.28314331,2.467197339,39.75550034,2518242.149,30.1466895,37.58235999,37.02275286,5.283317912,0.408404528,30.67821447,2098808.027,FALSE
14.4150302,49.12904373,45.03712017,26.76404482,2.821293992,17.64301458,3435639.258,36.3904781,80.68030379,76.32989726,29.28314331,2.467197339,39.75550034,2518242.149,30.1466895,37.58235999,37.02275286,5.283317912,0.408404528,30.67821447,2098808.027,-1.779366034,38.19305348,10.40959519,12.40977657,25.16398892,22.93686341,1993468.938,FALSE
36.3904781,80.68030379,76.32989726,29.28314331,2.467197339,39.75550034,2518242.149,30.1466895,37.58235999,37.02275286,5.283317912,0.408404528,30.67821447,2098808.027,-1.779366034,38.19305348,10.40959519,12.40977657,25.16398892,22.93686341,1993468.938,-35.43226064,98.33333333,3.124499001,59.71520765,92.32416667,24.17936667,3536245.257,FALSE
30.1466895,37.58235999,37.02275286,5.283317912,0.408404528,30.67821447,2098808.027,-1.779366034,38.19305348,10.40959519,12.40977657,25.16398892,22.93686341,1993468.938,-35.43226064,98.33333333,3.124499001,59.71520765,92.32416667,24.17936667,3536245.257,-5.929110089,43.48203437,10.94164303,17.93408475,29.33108835,21.66290575,2901775.306,TRUE
-1.779366034,38.19305348,10.40959519,12.40977657,25.16398892,22.93686341,1993468.938,-35.43226064,98.33333333,3.124499001,59.71520765,92.32416667,24.17936667,3536245.257,-5.929110089,43.48203437,10.94164303,17.93408475,29.33108835,21.66290575,2901775.306,18.31025824,44.98258078,21.1242688,2.378500901,19.6973837,41.61428376,1778463.265,TRUE
-35.43226064,98.33333333,3.124499001,59.71520765,92.32416667,24.17936667,3536245.257,-5.929110089,43.48203437,10.94164303,17.93408475,29.33108835,21.66290575,2901775.306,18.31025824,44.98258078,21.1242688,2.378500901,19.6973837,41.61428376,1778463.265,13.60057827,35.2701519,21.79874313,7.216657689,11.06038406,26.16523852,1635402.874,FALSE
-5.929110089,43.48203437,10.94164303,17.93408475,29.33108835,21.66290575,2901775.306,18.31025824,44.98258078,21.1242688,2.378500901,19.6973837,41.61428376,1778463.265,13.60057827,35.2701519,21.79874313,7.216657689,11.06038406,26.16523852,1635402.874,-6.956959837,33.63636364,12.35456485,20.75547473,18.94164141,10.66691919,1527799.511,TRUE
18.31025824,44.98258078,21.1242688,2.378500901,19.6973837,41.61428376,1778463.265,13.60057827,35.2701519,21.79874313,7.216657689,11.06038406,26.16523852,1635402.874,-6.956959837,33.63636364,12.35456485,20.75547473,18.94164141,10.66691919,1527799.511,39.88997264,54.79507789,52.8981851,9.298888414,1.24062479,41.62548232,1565556.293,FALSE
13.60057827,35.2701519,21.79874313,7.216657689,11.06038406,26.16523852,1635402.874,-6.956959837,33.63636364,12.35456485,20.75547473,18.94164141,10.66691919,1527799.511,39.88997264,54.79507789,52.8981851,9.298888414,1.24062479,41.62548232,1565556.293,-7.095046461,29.56130916,12.56152344,21.15771996,15.10266138,6.936074075,1291900.105,FALSE
-6.956959837,33.63636364,12.35456485,20.75547473,18.94164141,10.66691919,1527799.511,39.88997264,54.79507789,52.8981851,9.298888414,1.24062479,41.62548232,1565556.293,-7.095046461,29.56130916,12.56152344,21.15771996,15.10266138,6.936074075,1291900.105,-18.84727736,40.60268617,3.692659036,27.77471373,35.59560289,10.03952353,1233709.998,FALSE
39.88997264,54.79507789,52.8981851,9.298888414,1.24062479,41.62548232,1565556.293,-7.095046461,29.56130916,12.56152344,21.15771996,15.10266138,6.936074075,1291900.105,-18.84727736,40.60268617,3.692659036,27.77471373,35.59560289,10.03952353,1233709.998,-16.76881178,45.79017577,3.836408,24.75660893,40.40371636,16.85968144,1279407.466,TRUE
27.78202105,173.0115803,30.74419686,2.318147561,108.8135358,166.8261563,82652.55971,-21.24003726,105.4114583,2.057240451,29.58010251,101.2708333,58.52083333,167937.1244,-0.075377708,30.05143277,16.01612427,16.10364054,12.09772226,12.01322557,231137.837,40.19154449,87.45677574,68.9133786,20.48756522,10.97805118,55.58184399,558140.0998,TRUE
-21.24003726,105.4114583,2.057240451,29.58010251,101.2708333,58.52083333,167937.1244,-0.075377708,30.05143277,16.01612427,16.10364054,12.09772226,12.01322557,231137.837,40.19154449,87.45677574,68.9133786,20.48756522,10.97805118,55.58184399,558140.0998,71.47062259,130.6338498,102.0558346,17.83699828,14.14362284,95.72278073,1709681.429,TRUE
-0.075377708,30.05143277,16.01612427,16.10364054,12.09772226,12.01322557,231137.837,40.19154449,87.45677574,68.9133786,20.48756522,10.97805118,55.58184399,558140.0998,71.47062259,130.6338498,102.0558346,17.83699828,14.14362284,95.72278073,1709681.429,53.45083969,100.8928571,96.45025307,28.02162143,2.261439732,56.92103795,4449875.051,FALSE
40.19154449,87.45677574,68.9133786,20.48756522,10.97805118,55.58184399,558140.0998,71.47062259,130.6338498,102.0558346,17.83699828,14.14362284,95.72278073,1709681.429,53.45083969,100.8928571,96.45025307,28.02162143,2.261439732,56.92103795,4449875.051,-24.19801769,104.3483599,3.46637536,36.49560633,97.5021926,49.71057709,4763007.171,FALSE
71.47062259,130.6338498,102.0558346,17.83699828,14.14362284,95.72278073,1709681.429,53.45083969,100.8928571,96.45025307,28.02162143,2.261439732,56.92103795,4449875.051,-24.19801769,104.3483599,3.46637536,36.49560633,97.5021926,49.71057709,4763007.171,-53.84651435,140.4262295,3.100175747,123.385459,133.1967213,7.628415301,3233542.729,TRUE
53.45083969,100.8928571,96.45025307,28.02162143,2.261439732,56.92103795,4449875.051,-24.19801769,104.3483599,3.46637536,36.49560633,97.5021926,49.71057709,4763007.171,-53.84651435,140.4262295,3.100175747,123.385459,133.1967213,7.628415301,3233542.729,70.27898358,99.77304567,80.99408524,6.2926742,10.37545531,87.94620342,3985713.716,FALSE
-24.19801769,104.3483599,3.46637536,36.49560633,97.5021926,49.71057709,4763007.171,-53.84651435,140.4262295,3.100175747,123.385459,133.1967213,7.628415301,3233542.729,70.27898358,99.77304567,80.99408524,6.2926742,10.37545531,87.94620342,3985713.716,-13.8599839,65.96984845,25.22585647,45.37477718,32.53640513,14.16688072,4408748.582,FALSE
-53.84651435,140.4262295,3.100175747,123.385459,133.1967213,7.628415301,3233542.729,70.27898358,99.77304567,80.99408524,6.2926742,10.37545531,87.94620342,3985713.716,-13.8599839,65.96984845,25.22585647,45.37477718,32.53640513,14.16688072,4408748.582,-21.4118828,55.46133307,8.826430834,38.47695391,42.85255142,12.26513054,3679540.265,FALSE
70.27898358,99.77304567,80.99408524,6.2926742,10.37545531,87.94620342,3985713.716,-13.8599839,65.96984845,25.22585647,45.37477718,32.53640513,14.16688072,4408748.582,-21.4118828,55.46133307,8.826430834,38.47695391,42.85255142,12.26513054,3679540.265,-4.839277851,23.63169761,13.48965214,19.26102448,8.936537631,3.664795894,4643015.203,FALSE
-13.8599839,65.96984845,25.22585647,45.37477718,32.53640513,14.16688072,4408748.582,-21.4118828,55.46133307,8.826430834,38.47695391,42.85255142,12.26513054,3679540.265,-4.839277851,23.63169761,13.48965214,19.26102448,8.936537631,3.664795894,4643015.203,-34.88894031,73.996,0.645534475,54.57517501,72.88,12.564,8484870.738,FALSE
-21.4118828,55.46133307,8.826430834,38.47695391,42.85255142,12.26513054,3679540.265,-4.839277851,23.63169761,13.48965214,19.26102448,8.936537631,3.664795894,4643015.203,-34.88894031,73.996,0.645534475,54.57517501,72.88,12.564,8484870.738,-17.238684,80.49246952,7.29766219,29.64711943,68.21659096,39.2182644,15011197.24,FALSE
-4.839277851,23.63169761,13.48965214,19.26102448,8.936537631,3.664795894,4643015.203,-34.88894031,73.996,0.645534475,54.57517501,72.88,12.564,8484870.738,-17.238684,80.49246952,7.29766219,29.64711943,68.21659096,39.2182644,15011197.24,-14.72279437,26.44833607,2.557500858,20.26367433,23.29506375,5.142585048,5656055.715,FALSE
-34.88894031,73.996,0.645534475,54.57517501,72.88,12.564,8484870.738,-17.238684,80.49246952,7.29766219,29.64711943,68.21659096,39.2182644,15011197.24,-14.72279437,26.44833607,2.557500858,20.26367433,23.29506375,5.142585048,5656055.715,-42.76295924,119.6170379,13.13537997,97.66112723,94.1187964,11.10785463,10359779.81,TRUE
-17.238684,80.49246952,7.29766219,29.64711943,68.21659096,39.2182644,15011197.24,-14.72279437,26.44833607,2.557500858,20.26367433,23.29506375,5.142585048,5656055.715,-42.76295924,119.6170379,13.13537997,97.66112723,94.1187964,11.10785463,10359779.81,15.60109049,92.77417777,38.65974848,19.94674781,39.02677589,60.71646901,18264688.98,FALSE
-14.72279437,26.44833607,2.557500858,20.26367433,23.29506375,5.142585048,5656055.715,-42.76295924,119.6170379,13.13537997,97.66112723,94.1187964,11.10785463,10359779.81,15.60109049,92.77417777,38.65974848,19.94674781,39.02677589,60.71646901,18264688.98,-19.02624572,57.82380339,21.15633321,49.62420143,30.26459221,5.48013081,13940118.5,TRUE
-42.76295924,119.6170379,13.13537997,97.66112723,94.1187964,11.10785463,10359779.81,15.60109049,92.77417777,38.65974848,19.94674781,39.02677589,60.71646901,18264688.98,-19.02624572,57.82380339,21.15633321,49.62420143,30.26459221,5.48013081,13940118.5,27.11561942,64.0154135,55.9124636,22.65405645,5.19711491,33.72196423,12685474.01,TRUE
15.60109049,92.77417777,38.65974848,19.94674781,39.02677589,60.71646901,18264688.98,-19.02624572,57.82380339,21.15633321,49.62420143,30.26459221,5.48013081,13940118.5,27.11561942,64.0154135,55.9124636,22.65405645,5.19711491,33.72196423,12685474.01,4.478273722,18.99673736,7.811114396,3.189984439,10.37520392,15.31810767,8362024.665,TRUE
-19.02624572,57.82380339,21.15633321,49.62420143,30.26459221,5.48013081,13940118.5,27.11561942,64.0154135,55.9124636,22.65405645,5.19711491,33.72196423,12685474.01,4.478273722,18.99673736,7.811114396,3.189984439,10.37520392,15.31810767,8362024.665,14.44028004,33.17331805,31.44049219,14.85509485,1.318334886,15.94898617,12829462.34,TRUE
27.11561942,64.0154135,55.9124636,22.65405645,5.19711491,33.72196423,12685474.01,4.478273722,18.99673736,7.811114396,3.189984439,10.37520392,15.31810767,8362024.665,14.44028004,33.17331805,31.44049219,14.85509485,1.318334886,15.94898617,12829462.34,65.52363299,83.19263726,78.32561013,7.73422919,2.729292288,70.04125674,18976801.36,TRUE
4.478273722,18.99673736,7.811114396,3.189984439,10.37520392,15.31810767,8362024.665,14.44028004,33.17331805,31.44049219,14.85509485,1.318334886,15.94898617,12829462.34,65.52363299,83.19263726,78.32561013,7.73422919,2.729292288,70.04125674,18976801.36,9.257185517,61.89971751,36.91675999,25.31602323,18.24682203,29.19314972,12433954.4,FALSE
14.44028004,33.17331805,31.44049219,14.85509485,1.318334886,15.94898617,12829462.34,65.52363299,83.19263726,78.32561013,7.73422919,2.729292288,70.04125674,18976801.36,9.257185517,61.89971751,36.91675999,25.31602323,18.24682203,29.19314972,12433954.4,-25.42592782,65.86217681,8.638055243,45.67805146,52.67410342,13.85529608,11176590.65,FALSE
65.52363299,83.19263726,78.32561013,7.73422919,2.729292288,70.04125674,18976801.36,9.257185517,61.89971751,36.91675999,25.31602323,18.24682203,29.19314972,12433954.4,-25.42592782,65.86217681,8.638055243,45.67805146,52.67410342,13.85529608,11176590.65,-21.44950096,46.17077196,9.490889113,39.3891706,33.50039729,4.865228287,6963710.332,TRUE
9.257185517,61.89971751,36.91675999,25.31602323,18.24682203,29.19314972,12433954.4,-25.42592782,65.86217681,8.638055243,45.67805146,52.67410342,13.85529608,11176590.65,-21.44950096,46.17077196,9.490889113,39.3891706,33.50039729,4.865228287,6963710.332,5.439598881,49.26348064,30.56203358,23.82637545,14.32380191,20.54255816,13648082.37,TRUE
-25.42592782,65.86217681,8.638055243,45.67805146,52.67410342,13.85529608,11176590.65,-21.44950096,46.17077196,9.490889113,39.3891706,33.50039729,4.865228287,6963710.332,5.439598881,49.26348064,30.56203358,23.82637545,14.32380191,20.54255816,13648082.37,0.713140583,28.86282177,9.315053347,8.541003403,17.88204627,18.72271098,14105916.59,FALSE
-21.44950096,46.17077196,9.490889113,39.3891706,33.50039729,4.865228287,6963710.332,5.439598881,49.26348064,30.56203358,23.82637545,14.32380191,20.54255816,13648082.37,0.713140583,28.86282177,9.315053347,8.541003403,17.88204627,18.72271098,14105916.59,-16.91640595,48.41384557,7.080520336,28.88286979,38.60022822,15.15405097,10175750.16,FALSE
5.439598881,49.26348064,30.56203358,23.82637545,14.32380191,20.54255816,13648082.37,0.713140583,28.86282177,9.315053347,8.541003403,17.88204627,18.72271098,14105916.59,-16.91640595,48.41384557,7.080520336,28.88286979,38.60022822,15.15405097,10175750.16,-14.70646503,31.16291072,0.699993396,18.06286776,30.25116119,11.09581971,8781775.783,TRUE
0.713140583,28.86282177,9.315053347,8.541003403,17.88204627,18.72271098,14105916.59,-16.91640595,48.41384557,7.080520336,28.88286979,38.60022822,15.15405097,10175750.16,-14.70646503,31.16291072,0.699993396,18.06286776,30.25116119,11.09581971,8781775.783,39.35428925,48.55417858,44.78166615,3.894660814,2.60565618,42.9853829,12817879.26,TRUE
-16.91640595,48.41384557,7.080520336,28.88286979,38.60022822,15.15405097,10175750.16,-14.70646503,31.16291072,0.699993396,18.06286776,30.25116119,11.09581971,8781775.783,39.35428925,48.55417858,44.78166615,3.894660814,2.60565618,42.9853829,12817879.26,20.71245971,61.03294249,60.28120485,32.77933797,0.469011725,21.2786153,21153996.15,FALSE
-14.70646503,31.16291072,0.699993396,18.06286776,30.25116119,11.09581971,8781775.783,39.35428925,48.55417858,44.78166615,3.894660814,2.60565618,42.9853829,12817879.26,20.71245971,61.03294249,60.28120485,32.77933797,0.469011725,21.2786153,21153996.15,-38.92033688,192.9418605,15.94182889,89.82067511,152.6627907,54.3255814,40100166.99,TRUE
39.35428925,48.55417858,44.78166615,3.894660814,2.60565618,42.9853829,12817879.26,20.71245971,61.03294249,60.28120485,32.77933797,0.469011725,21.2786153,21153996.15,-38.92033688,192.9418605,15.94182889,89.82067511,152.6627907,54.3255814,40100166.99,55.2742616,76.7221272,71.26280892,10.29697205,3.187684652,60.22391541,30622487.94,TRUE
20.71245971,61.03294249,60.28120485,32.77933797,0.469011725,21.2786153,21153996.15,-38.92033688,192.9418605,15.94182889,89.82067511,152.6627907,54.3255814,40100166.99,55.2742616,76.7221272,71.26280892,10.29697205,3.187684652,60.22391541,30622487.94,12.37443587,40.34090909,19.86218275,6.663211988,17.08522727,31.57386364,24717586.82,FALSE
-38.92033688,192.9418605,15.94182889,89.82067511,152.6627907,54.3255814,40100166.99,55.2742616,76.7221272,71.26280892,10.29697205,3.187684652,60.22391541,30622487.94,12.37443587,40.34090909,19.86218275,6.663211988,17.08522727,31.57386364,24717586.82,-2.573846951,17.5,9.60442218,12.5,7.203703704,4.444444444,16073920.08,TRUE
55.2742616,76.7221272,71.26280892,10.29697205,3.187684652,60.22391541,30622487.94,12.37443587,40.34090909,19.86218275,6.663211988,17.08522727,31.57386364,24717586.82,-2.573846951,17.5,9.60442218,12.5,7.203703704,4.444444444,16073920.08,53.52187597,56.79544129,54.904916,0.900874888,1.22044241,55.39552205,20935176.05,TRUE
12.37443587,40.34090909,19.86218275,6.663211988,17.08522727,31.57386364,24717586.82,-2.573846951,17.5,9.60442218,12.5,7.203703704,4.444444444,16073920.08,53.52187597,56.79544129,54.904916,0.900874888,1.22044241,55.39552205,20935176.05,25.25698776,37.23076923,28.78262878,2.81472602,6.56,33.47384615,28769352.89,FALSE
-2.573846951,17.5,9.60442218,12.5,7.203703704,4.444444444,16073920.08,53.52187597,56.79544129,54.904916,0.900874888,1.22044241,55.39552205,20935176.05,25.25698776,37.23076923,28.78262878,2.81472602,6.56,33.47384615,28769352.89,-17.0516367,58.49815187,12.6878746,35.85304171,40.65235718,16.66882822,34431117.99,TRUE
53.52187597,56.79544129,54.904916,0.900874888,1.22044241,55.39552205,20935176.05,25.25698776,37.23076923,28.78262878,2.81472602,6.56,33.47384615,28769352.89,-17.0516367,58.49815187,12.6878746,35.85304171,40.65235718,16.66882822,34431117.99,7.400717005,26.65723403,16.92465887,8.867670652,8.323800349,16.34053826,19292758.26,TRUE
25.25698776,37.23076923,28.78262878,2.81472602,6.56,33.47384615,28769352.89,-17.0516367,58.49815187,12.6878746,35.85304171,40.65235718,16.66882822,34431117.99,7.400717005,26.65723403,16.92465887,8.867670652,8.323800349,16.34053826,19292758.26,59.5745782,68.27377576,61.21519511,1.028119223,4.378359398,66.56132674,36426105.33,TRUE
-17.0516367,58.49815187,12.6878746,35.85304171,40.65235718,16.66882822,34431117.99,7.400717005,26.65723403,16.92465887,8.867670652,8.323800349,16.34053826,19292758.26,59.5745782,68.27377576,61.21519511,1.028119223,4.378359398,66.56132674,36426105.33,19.4226871,43.04243727,23.04224438,3.030879118,16.25473672,38.83453048,30451194.43,TRUE
7.400717005,26.65723403,16.92465887,8.867670652,8.323800349,16.34053826,19292758.26,59.5745782,68.27377576,61.21519511,1.028119223,4.378359398,66.56132674,36426105.33,19.4226871,43.04243727,23.04224438,3.030879118,16.25473672,38.83453048,30451194.43,78.23388827,106.498761,100.2933109,12.37667136,3.098181411,83.75589746,59503044.01,TRUE
59.5745782,68.27377576,61.21519511,1.028119223,4.378359398,66.56132674,36426105.33,19.4226871,43.04243727,23.04224438,3.030879118,16.25473672,38.83453048,30451194.43,78.23388827,106.498761,100.2933109,12.37667136,3.098181411,83.75589746,59503044.01,8.132119319,60.81543949,55.61278525,43.90986344,3.343333412,11.74733659,33561918.29,TRUE
19.4226871,43.04243727,23.04224438,3.030879118,16.25473672,38.83453048,30451194.43,78.23388827,106.498761,100.2933109,12.37667136,3.098181411,83.75589746,59503044.01,8.132119319,60.81543949,55.61278525,43.90986344,3.343333412,11.74733659,33561918.29,35.29362008,38.11448958,37.26166057,1.454643972,0.621316254,36.13422133,23574009.13,TRUE
78.23388827,106.498761,100.2933109,12.37667136,3.098181411,83.75589746,59503044.01,8.132119319,60.81543949,55.61278525,43.90986344,3.343333412,11.74733659,33561918.29,35.29362008,38.11448958,37.26166057,1.454643972,0.621316254,36.13422133,23574009.13,44.44427078,48.44935332,45.79262987,0.933480497,1.822261833,47.07642359,27220161.76,FALSE
8.132119319,60.81543949,55.61278525,43.90986344,3.343333412,11.74733659,33561918.29,35.29362008,38.11448958,37.26166057,1.454643972,0.621316254,36.13422133,23574009.13,44.44427078,48.44935332,45.79262987,0.933480497,1.822261833,47.07642359,27220161.76,-2.390330469,152.9426056,57.72213445,61.58453892,60.37229427,56.53886646,49340730.68,FALSE
35.29362008,38.11448958,37.26166057,1.454643972,0.621316254,36.13422133,23574009.13,44.44427078,48.44935332,45.79262987,0.933480497,1.822261833,47.07642359,27220161.76,-2.390330469,152.9426056,57.72213445,61.58453892,60.37229427,56.53886646,49340730.68,-15.90710049,70.06668705,6.865842618,27.08069676,59.14036037,33.82574332,27539800.65,TRUE
44.44427078,48.44935332,45.79262987,0.933480497,1.822261833,47.07642359,27220161.76,-2.390330469,152.9426056,57.72213445,61.58453892,60.37229427,56.53886646,49340730.68,-15.90710049,70.06668705,6.865842618,27.08069676,59.14036037,33.82574332,27539800.65,11.22170077,49.69871043,12.22403853,0.901207009,33.39273154,48.36166471,21263142.44,TRUE
-2.390330469,152.9426056,57.72213445,61.58453892,60.37229427,56.53886646,49340730.68,-15.90710049,70.06668705,6.865842618,27.08069676,59.14036037,33.82574332,27539800.65,11.22170077,49.69871043,12.22403853,0.901207009,33.39273154,48.36166471,21263142.44,35.4825965,42.32369223,37.33159496,1.364749796,3.635068296,40.40748141,21436438.89,FALSE
-15.90710049,70.06668705,6.865842618,27.08069676,59.14036037,33.82574332,27539800.65,11.22170077,49.69871043,12.22403853,0.901207009,33.39273154,48.36166471,21263142.44,35.4825965,42.32369223,37.33159496,1.364749796,3.635068296,40.40748141,21436438.89,-12.49799515,51.88084465,17.45864184,34.23537214,29.30580694,13.14517345,17261458.34,TRUE
11.22170077,49.69871043,12.22403853,0.901207009,33.39273154,48.36166471,21263142.44,35.4825965,42.32369223,37.33159496,1.364749796,3.635068296,40.40748141,21436438.89,-12.49799515,51.88084465,17.45864184,34.23537214,29.30580694,13.14517345,17261458.34,42.87747199,50.23121718,48.651612,4.041322912,1.062622303,44.39571987,14410441.89,TRUE
35.4825965,42.32369223,37.33159496,1.364749796,3.635068296,40.40748141,21436438.89,-12.49799515,51.88084465,17.45864184,34.23537214,29.30580694,13.14517345,17261458.34,42.87747199,50.23121718,48.651612,4.041322912,1.062622303,44.39571987,14410441.89,7.994906099,24.40582673,13.53988823,5.134484889,9.570150779,18.33018145,12756119.37,FALSE
-12.49799515,51.88084465,17.45864184,34.23537214,29.30580694,13.14517345,17261458.34,42.87747199,50.23121718,48.651612,4.041322912,1.062622303,44.39571987,14410441.89,7.994906099,24.40582673,13.53988823,5.134484889,9.570150779,18.33018145,12756119.37,-20.60407105,36.39230752,3.207170239,29.99050658,32.15390675,4.924821902,12944880.08,FALSE
42.87747199,50.23121718,48.651612,4.041322912,1.062622303,44.39571987,14410441.89,7.994906099,24.40582673,13.53988823,5.134484889,9.570150779,18.33018145,12756119.37,-20.60407105,36.39230752,3.207170239,29.99050658,32.15390675,4.924821902,12944880.08,-26.9102502,80.67299676,6.107088259,45.17369201,70.27420102,24.45298749,13966551.02,TRUE
